﻿<?xml version="1.0"?>
<doc>
<assembly>
<name>
SEAN
</name>
</assembly>
<members>
<member name="P:SEAN.My.Resources.Resources.ResourceManager">
	<summary>
  Returns the cached ResourceManager instance used by this class.
</summary>
</member><member name="P:SEAN.My.Resources.Resources.Culture">
	<summary>
  Overrides the current thread's CurrentUICulture property for all
  resource lookups using this strongly typed resource class.
</summary>
</member><member name="T:SEAN.My.Resources.Resources">
	<summary>
  A strongly-typed resource class, for looking up localized strings, etc.
</summary>
</member><member name="M:SEAN.General.ConvertToUNCPath(System.String)">
	<summary>
 THIS CONVERTS DRIVE LETTER TO UNCPATH
 </summary>
	<param name="sFilePath"></param>
	<returns></returns>
	<remarks></remarks>
</member>
</members>
</doc>